"","veh_value","exposure","numclaims","veh_body","veh_age","gender","area","agecat","claimsize"
"49608",19.9,0.67077339,2,"PANVN",2,"M","A",1,23623
"17768",37.700001,0.3093771,1,"STNWG",2,"F","E",5,44723
"27325",10.1,0.50924033,1,"HBACK",2,"M","E",2,10656
"6406",21.199999,0.52566743,1,"SEDAN",2,"F","C",4,3788
"65350",19.1,0.99931562,1,"STNWG",4,"F","F",3,6695
"831",19.9,0.90349078,1,"STNWG",2,"M","B",3,2000
"40210",57,0.65708423,1,"STNWG",1,"M","F",1,5025
"52852",12.3,0.75564682,1,"MIBUS",4,"F","F",3,13213
"59841",5.2999997,0.57494873,1,"SEDAN",4,"F","A",6,4341
"2936",26.099998,0.60232723,1,"STNWG",4,"F","E",5,3766
"46126",18.4,0.72005469,1,"HBACK",2,"F","D",6,10864
"60129",7.0999999,0.25735801,1,"HBACK",3,"F","A",2,2000
"60788",26.199999,0.36413419,1,"HDTOP",2,"M","A",2,2000
"39626",12.200001,0.99931562,1,"HBACK",3,"M","A",2,10172
"41590",7.0999999,0.38056129,1,"SEDAN",4,"F","C",3,2000
"26053",28.800001,0.2354552,1,"TRUCK",3,"M","F",5,128186
"25441",8.3999996,0.22176591,1,"HBACK",3,"F","D",5,4272
"41326",4.5999999,0.076659799,1,"HBACK",4,"F","C",4,4859
"59119",15.78,0.57768649,1,"HBACK",1,"M","A",4,4609
"47439",17.1,0.70910329,1,"SEDAN",2,"F","D",4,46831
"9773",15.599999,0.62149209,1,"SEDAN",3,"M","B",3,2000
"38388",18.4,0.67351133,1,"MIBUS",4,"F","C",2,2000
"47107",9.8000002,0.038329899,1,"SEDAN",3,"F","A",2,2000
"36887",15.700001,0.47091031,1,"SEDAN",2,"M","B",4,4678
"6152",7.5999999,0.87063652,1,"PANVN",4,"F","D",4,3899
"43617",20.200001,0.9609856,1,"HBACK",1,"F","D",3,8249
"2175",14.8,0.2354552,1,"HBACK",1,"M","D",1,92788
"32119",7.9000001,0.38877481,1,"TRUCK",4,"M","C",2,11802
"23613",18.200001,0.51745379,1,"STNWG",4,"M","D",2,7587
"44291",6.9000001,0.75564682,1,"HBACK",4,"F","C",3,5525
"29364",18.4,0.68172479,1,"HBACK",2,"F","A",2,2000
"28228",33.587997,0.26830941,1,"SEDAN",1,"F","C",4,2000
"62313",5.7999997,0.55852163,3,"SEDAN",4,"M","A",3,13532
"55389",14.8,0.96919918,1,"SEDAN",3,"M","B",4,4466
"37741",17.1,0.72826833,1,"SEDAN",2,"F","C",1,2000
"7554",15.599999,0.41067761,1,"STNWG",4,"F","D",6,4800
"31597",3.6000001,0.8733744,1,"SEDAN",4,"M","B",2,2000
"3796",15.599999,0.2710472,1,"HDTOP",4,"M","D",2,2523
"51983",8.3000002,0.30116361,1,"STNWG",4,"M","C",4,274226
"5913",16.5,0.19438741,1,"SEDAN",3,"F","A",4,15815
"42109",49.799999,0.26283371,1,"STNWG",2,"F","D",2,3900
"16210",18.799999,0.58863789,1,"SEDAN",1,"F","C",1,48828
"65173",17.1,0.24914441,1,"UTE",4,"M","D",3,26250
"42166",9.5,0.73648179,1,"SEDAN",4,"F","E",4,2000
"44458",22.200001,0.34496921,1,"SEDAN",2,"F","A",2,5509
"62237",11.7,0.79397672,1,"HBACK",2,"M","D",2,3537
"10371",27.9,0.84873372,1,"BUS",3,"F","F",2,26207
"23480",16.200001,0.52019173,1,"SEDAN",2,"M","C",3,8810
"50549",11.7,0.30663931,1,"HBACK",2,"F","B",1,2000
"47062",12.799999,0.58042443,1,"HBACK",4,"F","C",4,22751
"38916",13.400001,0.64339489,1,"SEDAN",3,"F","C",3,92886
"27533",50.599998,0.48459959,2,"STNWG",1,"F","D",4,10511
"5266",17.6,0.77481169,1,"HBACK",1,"F","B",1,28219
"67153",15.599999,0.72826833,1,"SEDAN",2,"F","A",4,2000
"1553",31.700001,0.9007529,1,"TRUCK",3,"M","E",5,5120
"31494",14.6,0.51745379,1,"SEDAN",3,"F","C",2,2434
"10195",24.200001,0.50102669,1,"UTE",3,"M","B",2,3899
"24189",13.9,0.81040382,1,"SEDAN",3,"M","B",2,9204
"16448",13.200001,0.2464066,1,"SEDAN",3,"F","B",4,2000
"6730",7.6999998,0.052019201,1,"HBACK",4,"F","A",2,3223
"34563",4.4000001,0.23271731,1,"HBACK",4,"F","D",2,15776
"39652",26.199999,0.98836422,1,"STNWG",3,"M","A",4,34091
"54672",7,0.99657768,1,"STNWG",4,"M","D",4,25318
"43698",6.9000001,0.63518143,1,"HBACK",3,"F","A",3,41156
"24718",18.300001,0.1368925,1,"SEDAN",1,"F","A",6,8698
"31404",12.6,0.3367556,1,"UTE",4,"F","A",4,11406
"21262",10.2,0.049281299,1,"HBACK",4,"F","C",4,2000
"5977",13.6,0.68720049,1,"HBACK",3,"F","C",1,48535
"27089",3.0999999,0.052019201,1,"SEDAN",4,"M","C",1,9207
"29526",18.4,0.109514,1,"SEDAN",4,"F","A",1,2000
"19398",11.5,0.17248461,1,"HBACK",2,"F","C",2,7080
"20933",40,0.80492812,1,"STNWG",3,"M","F",5,9733
"26067",14.9,0.42436689,1,"HBACK",1,"F","A",6,3765
"11169",6.3000002,0.74195749,1,"UTE",4,"M","B",5,4109
"27903",16.699999,0.68993843,1,"HDTOP",3,"F","A",5,3537
"62817",22.5,0.35318279,1,"SEDAN",2,"M","C",6,5259
"13367",32.299999,0.8569473,1,"STNWG",3,"M","E",3,13667
"31952",18.9,0.73100609,1,"BUS",3,"F","C",3,8764
"13685",11.2,0.1067762,1,"HBACK",3,"F","F",3,2000
"44786",8.1999998,0.61601639,1,"HBACK",3,"F","C",1,11834
"37270",31.619999,0.9664613,1,"UTE",1,"M","B",5,13174
"31097",21.989998,0.1149897,1,"SEDAN",1,"F","B",2,3762
"63324",27.6,0.62696779,1,"STNWG",1,"F","A",2,14072
"29147",13,0.71457899,1,"HBACK",2,"F","B",1,3220
"49125",14.099999,0.91444218,2,"COUPE",3,"F","A",1,10887
"40588",22.299999,0.99110198,1,"TRUCK",1,"M","F",3,3537
"63387",4.0999999,0.0136893,1,"SEDAN",4,"F","C",1,42323
"28386",12.7,0.30663931,1,"STNWG",4,"M","D",6,4418
"22518",8.5,0.2874743,1,"SEDAN",4,"M","A",4,98584
"66722",15.700001,0.038329899,1,"UTE",3,"M","C",1,106280
"16364",10.1,0.38056129,1,"HBACK",2,"F","A",3,96154
"62747",25.200001,0.24366871,1,"STNWG",3,"F","F",3,28858
"10550",11.3,0.1697467,1,"STNWG",4,"F","D",3,8635
"62193",39.900002,0.64613283,1,"STNWG",2,"F","C",5,3900
"1813",10.5,0.098562598,1,"SEDAN",3,"F","C",5,88707
"22630",19.799999,0.93086928,1,"HBACK",1,"F","C",2,2000
"42045",4.3000002,0.73374403,1,"HBACK",4,"F","B",6,2000
"54730",24.300001,0.9117043,2,"SEDAN",1,"F","D",4,37085
"61631",14.099999,0.971937,1,"SEDAN",3,"F","C",2,20843
"56845",11.5,0.66255993,1,"HBACK",3,"M","C",3,2000
"41830",40,0.99931562,1,"STNWG",3,"F","B",5,3537
"41488",15.8,0.64613283,1,"TRUCK",1,"M","C",3,68446
"52435",23.800001,0.61054069,1,"STNWG",3,"F","B",2,11783
"42859",12.7,0.72826833,1,"SEDAN",3,"M","C",5,20232
"25417",16.6,0.19986311,1,"STNWG",3,"M","A",4,7791
"130",21.5,0.65434629,1,"SEDAN",3,"F","A",5,2000
"20562",15.2,0.8843258,2,"SEDAN",3,"F","C",4,20100
"8607",37.799999,0.85968512,1,"STNWG",1,"F","D",5,3900
"40537",23.800001,0.45722109,1,"SEDAN",1,"M","B",5,2000
"47814",10,0.68993843,1,"HBACK",3,"F","A",2,11463
"26521",2.8999999,0.1916496,1,"HBACK",4,"M","B",4,2000
"6384",25.9,0.99110198,1,"SEDAN",1,"F","D",2,3537
"13698",17.799999,0.86516082,1,"HBACK",2,"F","C",6,3851
"32105",8.6999998,0.82683092,1,"SEDAN",3,"F","C",4,6577
"53641",23.800001,0.72005469,1,"STNWG",2,"F","D",2,7341
"12765",19.299999,0.8350445,1,"STNWG",4,"M","F",4,3899
"62056",14.9,0.93634498,1,"HDTOP",4,"M","D",2,2000
"31089",17.700001,0.87063652,1,"SEDAN",2,"F","B",2,2000
"51364",58.990002,0.37234771,1,"STNWG",1,"F","F",3,11318
"61611",12.9,0.41067761,2,"SEDAN",3,"M","A",6,11996
"7093",11.4,0.59137583,1,"SEDAN",3,"F","C",6,39315
"9200",25.799999,0.46543461,1,"SEDAN",1,"F","C",3,20970
"42260",6.9000001,0.99931562,1,"HBACK",4,"F","A",3,14209
"39276",15,0.66529769,1,"HBACK",3,"F","C",3,15100
"29975",30.1,0.74195749,2,"UTE",1,"M","A",1,39978
"1282",12.6,0.9007529,1,"HBACK",2,"M","C",6,51883
"12748",11.4,0.49007529,1,"SEDAN",3,"F","C",2,64235
"4866",16,0.28473651,1,"UTE",3,"M","A",3,31123
"56357",15.4,0.90349078,1,"SEDAN",4,"F","D",4,3945
"63451",25.5,0.25188231,1,"SEDAN",1,"M","D",5,17404
"12138",16.5,0.16153321,1,"HBACK",3,"F","A",2,2000
"57630",4.7999997,0.99931562,1,"MIBUS",4,"F","D",4,6207
"19834",12.799999,0.8350445,1,"SEDAN",3,"M","A",6,2000
"11848",11.5,0.52566743,1,"HBACK",3,"F","B",2,60094
"58269",12.1,0.63791919,1,"SEDAN",3,"M","B",3,19815
"62458",14.6,0.68172479,1,"HBACK",1,"F","A",4,2000
"58187",25.4,0.95277208,1,"STNWG",3,"F","F",4,12929
"38831",9.5,0.75017112,1,"HBACK",3,"M","E",5,32556
"27522",10,0.50376463,1,"HBACK",4,"F","B",4,2000
"13699",22.799999,0.76112252,1,"HBACK",2,"F","C",4,3318
"9647",16.900002,0.38877481,1,"HBACK",2,"F","A",3,3520
"8112",37.299999,0.807666,1,"STNWG",2,"M","A",2,24600
"32328",21.98,0.32854211,1,"HBACK",1,"M","C",5,10593
"48355",25,0.98288852,1,"SEDAN",2,"M","D",3,3900
"21129",7.2000003,0.81040382,1,"STNWG",4,"F","C",3,24789
"58648",9.5,0.64887059,1,"SEDAN",4,"F","E",2,19314
"1894",27.5,0.1149897,1,"STNWG",1,"F","D",1,2000
"44971",8.1999998,0.47091031,1,"HBACK",4,"F","D",2,32082
"36845",19.6,0.090349101,1,"SEDAN",2,"M","A",2,15849
"46187",7,0.71457899,2,"STNWG",4,"F","A",4,111172
"8103",19.799999,0.26830941,1,"SEDAN",2,"M","C",4,6006
"23222",23.599998,0.81040382,1,"UTE",3,"M","E",1,3691
"63350",40.799999,0.54757023,1,"STNWG",1,"F","C",2,8609
"67771",39.299999,0.90896648,1,"TRUCK",2,"M","E",2,11906
"23949",10.1,0.80492812,1,"SEDAN",3,"M","B",5,2000
"28052",36.5,0.79945242,1,"MCARA",2,"M","A",3,3700
"45376",24.9,0.42436689,1,"SEDAN",1,"M","C",3,2000
"48730",9.1999998,0.62970573,1,"STNWG",4,"M","B",5,3538
"45517",15.643,0.62149209,1,"HBACK",1,"M","C",2,2000
"58507",25.1,0.26830941,1,"STNWG",2,"F","A",3,27246
"31790",14.700001,0.69815189,1,"HBACK",1,"F","B",5,7024
"56626",28.800001,0.35044491,1,"SEDAN",2,"F","B",4,38565
"41934",20.200001,0.18343601,1,"HDTOP",3,"M","E",1,124819
"54158",21.5,0.25735801,1,"HBACK",3,"M","C",2,3450
"7901",20.599998,0.57221079,1,"SEDAN",2,"M","C",5,2000
"51916",15.1,0.019165,1,"HBACK",3,"M","F",4,9835
"1605",12.9,0.69541413,1,"SEDAN",3,"M","C",3,6351
"54465",23.900002,0.73921973,1,"STNWG",4,"M","E",3,12040
"60637",8.6999998,0.88706368,1,"HBACK",3,"F","A",5,25417
"61135",25,0.63518143,1,"HDTOP",1,"F","B",4,3537
"31562",29.400002,0.8733744,1,"STNWG",2,"F","A",3,7740
"39919",10.599999,0.052019201,1,"SEDAN",4,"F","B",5,78043
"44194",15.8,0.63518143,2,"SEDAN",1,"F","B",1,11645
"18591",9.3000002,0.9281314,1,"SEDAN",4,"F","C",5,2000
"9629",23.199999,0.26283371,1,"STNWG",3,"M","D",2,3900
"116",11.599999,0.59685153,2,"STNWG",4,"F","B",2,7392
"62215",9.8999996,0.65434629,1,"STNWG",4,"M","B",4,2000
"32265",13.6,0.72826833,1,"HBACK",3,"F","C",5,2000
"55696",20.699999,0.58316219,1,"STNWG",1,"F","D",6,2000
"26115",36.099998,0.77481169,1,"COUPE",2,"F","B",3,106233
"43858",10.1,0.36687201,1,"SEDAN",4,"M","A",4,4282
"1773",13.8,0.63244349,1,"SEDAN",3,"M","C",4,2000
"19807",19.199999,0.56947303,1,"HBACK",2,"F","C",1,55510
"62816",18.099998,0.43805611,1,"HBACK",2,"F","C",4,13599
"7670",19.400002,0.862423,1,"SEDAN",2,"F","A",1,2000
"52920",40,0.47091031,1,"STNWG",3,"M","F",2,4560
"5897",15.900001,0.19438741,1,"SEDAN",1,"F","A",3,7558
"41037",16.1,0.98836422,1,"TRUCK",4,"M","D",3,25871
"5433",12.7,0.8021903,1,"SEDAN",4,"F","E",4,4800
"64984",16.299999,0.54209453,1,"STNWG",2,"M","A",2,36753
"26910",7.4000001,0.28473651,1,"HBACK",4,"F","C",3,148166
"29461",15,0.40520191,1,"HBACK",1,"F","D",3,12489
"7500",13.8,0.86516082,1,"SEDAN",2,"F","C",1,2000
"1906",12.6,0.91718,1,"HBACK",2,"F","C",2,3426
"39286",25,0.68720049,1,"HDTOP",1,"M","A",3,18692
"59712",43.099998,0.73921973,1,"STNWG",1,"F","A",3,15522
"35410",31.099998,0.14510611,1,"MCARA",3,"M","C",3,3899
"40242",23.099998,0.67077339,1,"HBACK",1,"M","C",3,5112
"53251",34,0.30663931,1,"STNWG",2,"F","C",5,6943
"23205",8.8000002,0.18891171,1,"HBACK",3,"M","A",1,44500
"24388",25.599998,0.78850102,1,"SEDAN",1,"F","C",3,14127
"63814",30.799999,0.44353181,1,"STNWG",3,"F","C",3,3684
"48909",15.599999,0.36960989,1,"STNWG",4,"F","A",3,3538
"39441",8.8000002,0.35318279,1,"COUPE",3,"F","B",3,2628
"3616",15.900001,0.62696779,1,"SEDAN",3,"M","A",4,6964
"46441",7.3000002,0.66529769,1,"SEDAN",4,"F","B",4,4318
"37358",13.49,0.63244349,2,"HBACK",1,"F","C",4,30748
"55014",45.900002,0.99931562,1,"STNWG",2,"M","A",4,7015
"26704",30.4,0.99931562,1,"TRUCK",3,"M","D",2,12578
"64647",22.9,0.41615331,1,"SEDAN",1,"F","C",3,11968
"21161",12.3,0.81040382,1,"SEDAN",3,"F","D",4,20583
"65087",14.299999,0.3258042,1,"SEDAN",2,"F","B",5,17463
"58227",30.5,0.95277208,1,"STNWG",2,"F","C",4,2747
"797",12.9,0.90896648,1,"SEDAN",3,"F","E",6,17538
"44729",7,0.36139631,1,"UTE",4,"M","B",5,24492
"5903",4.0999999,0.3148528,1,"HBACK",4,"M","C",5,13919
"33309",19.299999,0.90896648,1,"PANVN",3,"M","B",2,3450
"34970",9.3000002,0.47091031,1,"HBACK",3,"M","A",5,53084
"62063",14.2,0.93634498,1,"SEDAN",3,"M","A",2,3344
"33030",9.1000004,0.48186171,1,"SEDAN",3,"F","A",4,29483
"12918",16.835001,0.99931562,1,"HBACK",1,"F","C",4,7129
"4332",22.4,0.807666,1,"STNWG",3,"M","B",2,2000
"61767",26.6,0.99931562,1,"TRUCK",3,"F","C",3,20778
"51319",7.6999998,0.98562628,1,"HBACK",3,"F","C",3,3629
"10330",25.4,0.44626969,1,"STNWG",3,"M","E",3,59505
"43694",32.599998,0.59958929,1,"STNWG",2,"F","C",6,19790
"13911",7.0999999,0.38603699,1,"SEDAN",4,"M","C",4,19759
"25976",20.9,0.73100609,1,"SEDAN",2,"M","A",3,13070
"66852",19,0.8514716,1,"HBACK",1,"F","F",6,16721
"16943",20.599998,0.58590013,2,"SEDAN",2,"M","C",4,6190
"30280",22.6,0.95277208,1,"HBACK",1,"M","A",3,2544
"21692",15,0.53388089,1,"HBACK",1,"M","B",6,3761
"52815",16.900002,0.59411359,1,"SEDAN",3,"M","C",2,6235
"50778",37.200001,0.084873401,1,"STNWG",2,"M","F",2,5454
"51058",29.300001,0.39425051,1,"STNWG",3,"F","C",4,3571
"55770",27.4,0.9609856,1,"STNWG",3,"F","A",5,28190
"67095",17.1,0.2819986,1,"SEDAN",2,"F","A",4,27651
"12917",21,0.85968512,1,"STNWG",4,"M","D",2,2000
"28349",8.3999996,0.69267619,1,"HBACK",3,"F","E",4,136144
"23688",4.0999999,0.32306641,1,"HBACK",4,"F","A",5,17288
"59009",19.6,0.18343601,1,"SEDAN",2,"M","C",4,2076
"15331",3.7,0.35592061,1,"HBACK",4,"F","C",3,2000
"44887",13.200001,0.42984259,1,"SEDAN",3,"F","C",3,2000
"1942",17.4,0.50924033,1,"STNWG",4,"M","C",2,2000
"31085",22.700001,0.45722109,1,"SEDAN",2,"F","C",4,5159
"23612",32.5,0.54483229,1,"STNWG",1,"F","A",3,9452
"31388",22.700001,0.73374403,1,"STNWG",3,"F","A",3,16317
"57646",18.200001,0.65708423,1,"HBACK",2,"F","B",4,28495
"5995",13.9,0.8186174,1,"HBACK",1,"F","D",2,7290
"36532",4.5999999,0.83778232,1,"HBACK",4,"F","A",6,10372
"27881",12.200001,0.2984257,1,"HDTOP",4,"M","B",3,128242
"5665",17.5,0.88706368,1,"SEDAN",2,"F","B",5,2000
"26988",32.400002,0.72005469,1,"STNWG",2,"F","A",2,74379
"49484",23.599998,0.94729638,1,"UTE",3,"F","C",4,32107
"67368",38.099998,0.83230662,1,"STNWG",3,"F","E",3,57327
"26229",28.4,0.21081451,1,"STNWG",3,"M","F",2,3890
"10106",6.5,0.1478439,1,"STNWG",4,"M","B",1,3691
"820",16.5,0.69541413,1,"STNWG",4,"M","F",1,114690
"12774",48.400002,0.25188231,1,"STNWG",1,"F","D",3,13003
"30503",44.5,0.49007529,1,"TRUCK",1,"M","F",3,14431
"52299",8.8000002,0.97741282,1,"STNWG",4,"M","A",5,7858
"43847",18.200001,0.98562628,1,"SEDAN",2,"F","C",1,3677
"36177",14.400001,0.41615331,1,"SEDAN",3,"F","E",3,2000
"57198",8.8999996,0.62696779,1,"HBACK",3,"M","A",2,16897
"43705",26.099998,0.65708423,1,"UTE",3,"M","F",1,123115
"12616",7.2000003,0.70362759,3,"HBACK",4,"M","A",1,26776
"53487",13.200001,0.56125939,1,"STNWG",3,"M","D",6,7349
"44880",12.3,0.43258041,2,"STNWG",4,"F","A",6,7189
"62025",16.4,0.93634498,1,"SEDAN",2,"F","C",4,15343
"2815",10.8,0.2135524,1,"HBACK",3,"F","C",4,23709
"28292",30.4,0.2464066,1,"HDTOP",1,"F","C",2,4041
"36060",12.6,0.50650239,2,"HBACK",2,"M","C",4,12317
"23577",6.9000001,0.62423003,1,"HBACK",4,"F","A",2,3450
"31334",27.5,0.91718,1,"STNWG",3,"F","D",6,3537
"50195",24.200001,0.62149209,1,"SEDAN",1,"M","B",3,11415
"44710",32.200001,0.98015058,1,"STNWG",1,"M","B",5,8367
"54041",3.8,0.971937,1,"SEDAN",4,"M","D",5,7005
"47541",6.1000004,0.40520191,1,"STNWG",4,"M","C",4,48685
"6428",5.4000001,0.48459959,1,"SEDAN",4,"F","B",2,40030
"58899",12.6,0.33401781,1,"HBACK",2,"F","B",5,135338
"41833",10.599999,0.1177276,1,"SEDAN",3,"F","C",4,2000
"65506",13.099999,0.91444218,1,"HBACK",1,"F","C",3,10414
"8209",15.8,0.39698839,1,"UTE",3,"M","B",5,113793
"45306",32.200001,0.35044491,2,"SEDAN",1,"F","B",4,8349
"9063",18.200001,0.21629021,1,"SEDAN",2,"M","C",4,116167
"23645",29.300001,0.38877481,1,"SEDAN",1,"M","B",1,4587
"1585",39.400002,0.58316219,1,"STNWG",2,"F","D",4,4800
"14385",13.099999,0.862423,1,"SEDAN",2,"M","B",4,25126
"43977",13.7,0.73374403,1,"HBACK",2,"F","C",1,7767
"6345",15.5,0.80492812,1,"SEDAN",4,"M","B",3,3450
"61331",15.78,0.8843258,1,"HBACK",1,"F","B",4,33137
"48381",13.200001,0.99657768,2,"HBACK",3,"F","B",2,18371
"3942",23.4,0.77207392,2,"MIBUS",4,"F","E",4,19878
"67467",18,0.64887059,1,"SEDAN",2,"M","A",4,16302
"24199",16.299999,0.80492812,1,"SEDAN",2,"F","A",2,59698
"17",15.1,0.99383992,1,"SEDAN",3,"F","F",4,8066
"3015",12.1,0.59958929,1,"HBACK",2,"F","D",1,17027
"58432",20,0.60506499,1,"UTE",2,"M","C",6,3691
"8142",10.299999,0.42984259,1,"HBACK",3,"F","E",1,3900
"58646",4.0999999,0.057494901,1,"SEDAN",4,"F","A",4,42902
"125",35.599998,0.9062286,1,"MCARA",3,"M","F",4,32306
"3688",18.6,0.8569473,1,"HBACK",1,"M","A",5,8821
"61229",24.200001,0.57221079,1,"SEDAN",1,"M","B",3,24037
"49405",11.799999,0.41341549,1,"SEDAN",3,"F","C",4,45776
"7203",5,0.69815189,1,"HBACK",4,"F","E",4,36077
"37097",10.299999,0.1916496,1,"SEDAN",3,"F","C",5,2000
"25122",34.400002,0.73648179,1,"TRUCK",2,"F","F",4,3537
"12415",18.099998,0.8405202,1,"SEDAN",2,"F","C",6,15995
"31011",6,0.70088983,1,"PANVN",4,"M","A",1,11758
"1841",6.5,0.63518143,1,"SEDAN",4,"F","E",4,2000
"13117",3.0999999,0.0219028,1,"SEDAN",4,"M","C",5,27173
"32334",40,0.8350445,1,"STNWG",2,"M","C",1,2000
"39117",8.3000002,0.68720049,1,"HBACK",3,"F","D",5,31142
"5919",11.900001,0.37782341,1,"HBACK",4,"M","C",4,15515
"309",43.200001,0.64613283,1,"STNWG",2,"M","A",5,7368
"31887",16.1,0.46543461,1,"UTE",3,"F","E",3,3900
"32860",16.299999,0.38877481,1,"SEDAN",2,"F","A",6,2000
"57991",16,0.98015058,1,"HBACK",2,"F","E",3,8873
"63039",29.9,0.55030799,1,"STNWG",2,"F","E",2,31866
"8575",29.9,0.85968512,1,"TRUCK",1,"F","D",2,16976
"34470",44.099998,0.91718,1,"STNWG",2,"M","C",3,8600
"38982",25.599998,0.40246409,1,"STNWG",3,"F","E",2,31905
"55514",9.7000008,0.98015058,2,"SEDAN",3,"F","D",2,66073
"51258",28.800001,0.83778232,1,"HDTOP",2,"F","B",2,11635
"22464",42.800003,0.21081451,1,"STNWG",2,"M","F",2,7732
"2221",14.5,0.99110198,1,"UTE",4,"M","E",1,3900
"63877",7.3000002,0.2710472,1,"BUS",4,"M","E",1,4900
"34326",15.5,0.71731693,1,"STNWG",3,"F","F",3,3900
"47006",19.199999,0.1067762,1,"SEDAN",2,"M","C",6,12405
"29448",8.6999998,0.47912389,1,"HBACK",3,"F","B",4,2000
"10606",28.299999,0.46269679,1,"STNWG",2,"F","C",2,265072
"47760",4.3000002,0.99931562,1,"SEDAN",4,"F","B",5,2919
"39762",11.5,0.54483229,1,"SEDAN",3,"F","C",5,4500
"49275",37.099998,0.99931562,1,"STNWG",3,"F","A",3,26083
"33352",6,0.77207392,1,"SEDAN",4,"M","B",3,2000
"6759",4.4000001,0.109514,1,"SEDAN",4,"F","A",2,36790
"50899",16.299999,0.31211501,1,"HBACK",2,"F","E",2,45772
"26199",13.400001,0.7912389,1,"STNWG",4,"F","C",3,3691
"6325",7.5999999,0.30663931,1,"SEDAN",4,"F","A",2,27140
"60523",43.400002,0.89253938,2,"SEDAN",2,"F","A",4,27132
"63140",15.900001,0.68172479,1,"SEDAN",3,"M","A",3,7075
"61483",19.299999,0.88158798,1,"SEDAN",1,"F","B",3,3537
"24216",13.990001,0.99931562,1,"HBACK",1,"F","B",5,7553
"7217",7.2000003,0.52292949,2,"HBACK",3,"F","B",3,43874
"53882",15,0.70362759,1,"HDTOP",4,"F","F",1,3899
"16707",27.9,0.58590013,1,"STNWG",2,"M","B",3,6341
"63060",18,0.68172479,2,"SEDAN",2,"M","C",5,14230
"5150",14.6,0.38603699,1,"SEDAN",3,"F","B",5,71606
"51230",9.5,0.98836422,1,"HBACK",3,"F","A",6,21881
"23037",13.6,0.47364819,1,"SEDAN",4,"F","F",4,3899
"63478",22.9,0.084873401,1,"SEDAN",1,"M","B",4,2000
"35398",15.49,0.95277208,1,"HBACK",1,"F","E",3,4970
"41254",15.299999,0.44353181,1,"UTE",3,"M","B",5,14985
"36355",14.299999,0.68446273,1,"HBACK",3,"M","A",1,2000
"11767",52.399998,0.071184099,1,"COUPE",1,"M","A",2,15065
"48573",11,0.61601639,1,"UTE",4,"M","A",3,77373
"50926",10.599999,0.69815189,1,"SEDAN",3,"M","E",6,2000
"61035",40,0.99931562,1,"STNWG",3,"M","C",6,11959
"20684",6.1000004,0.62423003,1,"COUPE",4,"F","B",5,2010
"35897",14.099999,0.50376463,1,"HBACK",3,"F","C",4,6755
"65321",10.599999,0.34496921,1,"HBACK",4,"F","C",4,3677
"2185",8.3999996,0.59137583,1,"HBACK",3,"M","C",5,26698
"47557",16.900002,0.70910329,1,"UTE",2,"F","A",2,2000
"4059",12.3,0.8952772,1,"HBACK",2,"F","A",5,11401
"1390",4.4000001,0.61601639,1,"HBACK",4,"M","D",3,14382
"4882",18.5,0.99657768,1,"SEDAN",1,"M","B",4,12510
"27349",7.9000001,0.50650239,1,"HBACK",3,"F","A",4,12716
"26652",25,0.8021903,1,"STNWG",2,"M","B",5,16752
"37238",43.489998,0.59685153,1,"UTE",1,"M","B",3,2000
"54176",20.5,0.77754962,1,"TRUCK",3,"F","D",2,38881
"67847",28.199999,0.85420942,1,"STNWG",1,"F","A",4,28079
"65200",16.200001,0.8569473,1,"SEDAN",2,"F","E",2,3806
"67381",7.4000001,0.8569473,1,"SEDAN",4,"F","C",2,3537
"425",31.400002,0.8514716,2,"TRUCK",3,"M","C",1,191421
"25115",15.700001,0.78302532,2,"SEDAN",2,"F","F",3,14932
"62191",17.200001,0.87611222,1,"UTE",2,"M","B",3,3537
"9729",4.5,0.47638601,1,"HBACK",4,"F","A",4,2000
"26259",25.4,0.73100609,1,"SEDAN",1,"M","B",4,12216
"50786",13.9,0.86516082,1,"TRUCK",4,"M","C",2,22245
"64969",23.800001,0.91991788,1,"STNWG",4,"F","F",3,4500
"53384",15.599999,0.92539358,2,"SEDAN",1,"F","C",3,8222
"1552",22,0.79945242,1,"HBACK",1,"F","B",6,12441
"43256",36.099998,0.1204654,1,"UTE",1,"M","E",2,40312
"33978",13.3,0.88706368,1,"COUPE",3,"F","C",4,3537
"65333",15.4,0.2600958,1,"HDTOP",3,"F","D",3,34267
"63495",22,0.92539358,1,"HDTOP",3,"M","D",5,5438
"8638",18.700001,0.7967146,1,"STNWG",3,"M","A",3,27228
"58824",43.400002,0.1861739,1,"STNWG",2,"F","D",2,2000
"46718",17.700001,0.76659822,1,"HBACK",3,"F","A",3,3677
"22303",9.5,0.82135522,1,"SEDAN",4,"F","B",4,10449
"32576",26.6,0.48459959,1,"STNWG",3,"F","A",3,14172
"65384",9,0.9445585,1,"HBACK",3,"F","C",2,2944
"49233",12.1,0.58863789,1,"SEDAN",3,"F","A",5,3537
"41743",8.1000004,0.53661883,1,"HBACK",3,"F","C",4,3450
"56133",13,0.99931562,1,"STNWG",4,"M","C",5,9946
"21959",16.4,0.2190281,1,"UTE",3,"M","E",4,10672
"15058",12.6,0.99931562,1,"HBACK",2,"F","C",5,2000
"45935",18.5,0.39151269,1,"STNWG",3,"M","A",2,5006
"30091",40.799999,0.1587953,1,"MCARA",2,"M","B",5,3899
"5535",6.3000002,0.8186174,1,"PANVN",4,"M","B",3,89717
"53594",19,0.88706368,1,"HBACK",1,"F","B",5,4706
"9599",13.400001,0.26283371,1,"HBACK",2,"F","C",1,2000
"50535",9.1000004,0.39972621,1,"SEDAN",4,"M","C",2,18060
"49785",8.1000004,0.77481169,1,"HBACK",3,"F","C",4,2775
"21471",23.199999,0.56947303,1,"SEDAN",2,"F","E",3,12145
"54727",18.6,0.9117043,2,"SEDAN",2,"M","B",4,20543
"54604",18.099998,0.60232723,1,"HBACK",2,"F","C",2,2000
"44750",7,0.1013005,1,"SEDAN",4,"F","B",5,19527
"56094",31.400002,0.61327863,1,"STNWG",3,"M","B",4,3537
"57745",22.200001,0.66803563,1,"HBACK",1,"F","A",5,2045
"17916",16.699999,0.42436689,1,"STNWG",4,"F","F",3,39349
"35360",43.299999,0.2819986,1,"STNWG",1,"F","B",3,22582
"5310",14.2,0.87611222,1,"SEDAN",3,"F","C",3,2000
"9835",17.299999,0.7912389,1,"MIBUS",4,"M","B",3,23455
"59723",4.4000001,0.64613283,1,"SEDAN",4,"M","B",1,5675
"35399",34.299999,0.098562598,1,"STNWG",1,"M","C",3,2000
"6107",4.4000001,0.81587952,1,"HBACK",4,"F","C",3,24602
"63510",8.3000002,0.75017112,1,"SEDAN",4,"M","C",5,14264
"11572",23.900002,0.78850102,1,"STNWG",4,"M","C",3,2199
"63605",29.1,0.8021903,1,"STNWG",3,"F","D",4,4200
"2182",14,0.91718,1,"SEDAN",3,"F","C",3,2000
"6435",11.599999,0.99931562,1,"STNWG",4,"M","A",2,3450
"36655",18.49,0.68172479,1,"SEDAN",1,"F","D",1,4364
"58329",0,0.99931562,1,"BUS",4,"M","E",6,4909
"12263",19.700001,0.63244349,1,"STNWG",4,"M","B",4,4420
"47063",13.5,0.41889119,1,"HBACK",2,"F","B",3,34240
"43544",32.799999,0.21629021,1,"STNWG",2,"F","F",1,3537
"5770",19.299999,0.65160853,2,"SEDAN",2,"M","A",4,5537
"3020",9,0.50650239,1,"UTE",4,"F","B",2,3778
"38119",15,0.1368925,1,"SEDAN",2,"F","C",1,2000
"56058",22.200001,0.66803563,1,"HBACK",1,"F","A",4,21698
"51837",4.5999999,0.9336071,1,"SEDAN",4,"F","E",4,17256
"62547",21.199999,0.56125939,1,"STNWG",2,"F","C",2,5678
"61607",27.5,0.43258041,1,"SEDAN",1,"F","D",4,5905
"38305",13.6,0.45448321,1,"HBACK",2,"F","C",2,9418
"58366",25,0.25735801,1,"SEDAN",1,"M","A",3,2000
"28206",9.5,0.47364819,1,"SEDAN",3,"M","A",2,2000
"62598",14.28,0.8733744,1,"HBACK",1,"F","A",4,2000
"3555",10.1,0.89801508,1,"HBACK",3,"F","C",3,3537
"56011",14.5,0.32854211,2,"SEDAN",3,"F","C",6,12752
"17689",44.699997,0.83778232,1,"STNWG",1,"M","E",2,13926
"11505",17.700001,0.50102669,1,"HBACK",1,"M","C",2,5481
"65660",23.900002,0.9336071,2,"SEDAN",2,"F","C",3,16090
"14598",18.700001,0.48186171,1,"SEDAN",1,"F","C",2,17166
"23309",17.299999,0.39151269,1,"SEDAN",2,"F","B",3,7646
"45551",7.5999999,0.78850102,1,"PANVN",4,"F","A",4,6946
"48140",16.5,0.98015058,1,"SEDAN",2,"F","A",3,21224
"49925",56.300003,0.3258042,1,"STNWG",1,"M","A",3,24178
"21468",11.5,0.55852163,1,"SEDAN",3,"F","B",5,2000
"31046",19.1,0.60506499,1,"HBACK",2,"F","C",2,2000
"44998",19.799999,0.33949351,1,"HBACK",2,"M","A",1,2000
"39799",10.599999,0.65982199,1,"HDTOP",4,"M","C",4,3538
"20018",7.9000001,0.8186174,1,"SEDAN",3,"F","A",3,3734
"27468",18.099998,0.35592061,1,"SEDAN",2,"F","F",4,9832
"35581",27.9,0.31211501,1,"STNWG",2,"F","B",3,5629
"54383",13.990001,0.91444218,1,"HBACK",1,"M","A",3,4063
"58206",12.5,0.95277208,1,"SEDAN",3,"F","C",4,8498
"20355",20.5,0.82683092,1,"STNWG",3,"F","F",4,29830
"44074",52.360001,0.99931562,1,"STNWG",1,"F","C",5,3450
"59911",7.9000001,0.65434629,2,"SEDAN",3,"M","A",4,11325
"65456",6.7000003,0.53661883,1,"SEDAN",4,"F","C",4,57862
"18796",7.0999999,0.52019173,3,"HBACK",4,"F","B",2,24532
"4281",23.599998,0.92539358,1,"STNWG",3,"F","C",2,4622
"25070",8.6000004,0.86516082,1,"HBACK",4,"F","C",4,62527
"26641",17.4,0.8021903,2,"HBACK",2,"F","B",4,24733
"50142",18.5,0.94182068,1,"SEDAN",2,"F","B",2,2368
"48011",19.6,0.99931562,1,"SEDAN",2,"M","E",6,4650
"23521",3.5,0.8678987,1,"SEDAN",4,"F","A",6,2000
"2068",4.3000002,0.69815189,1,"SEDAN",4,"F","B",2,4200
"49967",24.1,0.62149209,1,"HBACK",3,"M","A",2,2000
"26294",15.5,0.73100609,1,"HBACK",2,"F","A",4,4399
"46007",14.400001,0.99931562,1,"TRUCK",4,"F","F",3,144089
"62989",66.900002,0.86516082,1,"STNWG",1,"F","B",5,14621
"52659",11.7,0.93086928,2,"COUPE",3,"F","B",4,10306
"6911",18.9,0.807666,1,"SEDAN",2,"F","C",4,2435
"35781",8,0.30663931,1,"SEDAN",4,"F","D",3,234047
"11712",22.9,0.8898015,1,"STNWG",3,"F","E",2,36938
"14500",14.5,0.99931562,1,"TRUCK",4,"M","B",2,3450
"19747",28,0.49828881,1,"STNWG",2,"F","E",4,5118
"33890",5.4000001,0.079397701,1,"HBACK",4,"M","C",3,2183
"64487",7.3000002,0.2819986,1,"SEDAN",4,"F","A",4,23315
"67855",9.7000008,0.3203285,1,"HBACK",3,"F","C",2,76467
"35792",12.4,0.62696779,1,"HBACK",3,"F","A",5,7837
"27960",31.989998,0.51745379,1,"STNWG",1,"M","D",3,9442
"459",33,0.9062286,1,"STNWG",2,"M","A",5,23493
"22698",14.700001,0.90349078,1,"SEDAN",3,"F","C",3,10434
"8328",27.799999,0.32306641,1,"STNWG",2,"F","A",2,3677
"50605",11.599999,0.72553039,1,"SEDAN",3,"M","B",1,10677
"17420",17.799999,0.62696779,1,"TRUCK",1,"F","F",3,179975
"3299",17.299999,0.62970573,1,"SEDAN",2,"F","C",4,2000
"43699",17.4,0.8131417,1,"HBACK",2,"M","B",4,66167
"32775",9.8000002,0.69267619,1,"SEDAN",3,"M","C",6,3537
"21438",24.700001,0.46269679,1,"STNWG",2,"M","D",2,7570
"30601",11.2,0.30116361,1,"HBACK",3,"F","A",6,11444
"64606",34.299999,0.9226557,2,"STNWG",3,"F","C",3,24163
"66764",13.3,0.52566743,1,"STNWG",4,"M","D",3,3900
"1411",33.299999,0.65982199,1,"STNWG",3,"F","B",3,11801
"10211",61.399998,0.73921973,1,"SEDAN",2,"M","C",3,2272
"26902",13.099999,0.33401781,1,"HBACK",1,"F","D",2,2000
"6399",31,0.81587952,1,"UTE",2,"F","F",2,4089
"61839",71.989998,0.99931562,1,"STNWG",1,"F","A",3,216690
"7224",12.9,0.72826833,1,"SEDAN",3,"F","C",4,3677
"63135",19.5,0.83230662,1,"STNWG",4,"M","D",5,3538
"40304",12,0.74469543,1,"HBACK",2,"F","A",6,2000
"20758",23,0.34770709,1,"STNWG",3,"F","C",2,3537
"7833",8.1000004,0.18343601,1,"HBACK",4,"F","A",4,9939
"15768",25.299999,0.48186171,1,"STNWG",2,"M","E",2,3687
"7514",16.1,0.58863789,1,"SEDAN",2,"M","B",6,2000
"35923",11.900001,0.8131417,1,"HBACK",2,"F","C",4,8394
"28130",12.6,0.49828881,1,"SEDAN",3,"M","A",3,19846
"56025",14.2,0.67077339,2,"SEDAN",3,"M","B",2,19557
"66965",11,0.8459959,1,"HBACK",3,"M","B",5,27231
"32869",37.900002,0.55852163,1,"HDTOP",2,"M","B",4,2000
"64735",23.699999,0.54209453,1,"MIBUS",3,"F","A",3,8260
"60324",29.5,0.57768649,1,"STNWG",3,"M","C",2,55544
"53258",11.1,0.32854211,1,"SEDAN",4,"M","F",3,103500
"1294",17.799999,0.9226557,1,"HBACK",2,"F","B",5,2000
"10256",17.299999,0.88706368,1,"HBACK",2,"F","C",5,2923
"7784",30.200001,0.52019173,1,"STNWG",2,"F","A",4,30968
"6142",7.3000002,0.66529769,1,"HBACK",3,"F","D",3,17532
"45544",13.7,0.53114313,1,"HBACK",1,"F","B",4,2000
"38115",18.099998,0.83230662,2,"SEDAN",2,"F","C",5,8075
"4179",21.300001,0.39425051,1,"SEDAN",2,"F","C",6,2000
"46660",3.4000001,0.52019173,1,"PANVN",4,"F","D",4,56272
"242",18.799999,0.75017112,1,"PANVN",3,"M","D",3,3691
"31028",7.4000001,0.52840519,1,"UTE",4,"M","C",6,10436
"60436",8.3999996,0.084873401,1,"HBACK",3,"M","B",1,3899
"11711",41,0.109514,1,"STNWG",2,"M","E",4,15222
"40173",21.400002,0.35865849,1,"SEDAN",3,"M","A",3,75717
"55274",52.360001,0.99931562,1,"STNWG",1,"M","D",4,3537
"31728",17.4,0.8733744,1,"SEDAN",2,"F","A",6,2000
"45993",11.3,0.35044491,1,"HBACK",2,"M","B",4,2000
"15086",7,0.64065713,1,"UTE",4,"M","B",1,19405
"5474",4.0999999,0.87611222,1,"SEDAN",4,"F","D",1,2000
"45648",47.900002,0.57768649,1,"STNWG",2,"M","C",4,3450
"34465",8.1000004,0.55030799,1,"HBACK",4,"M","B",5,13847
"53701",21.700001,0.74469543,1,"STNWG",2,"F","F",3,9949
"20918",41.100002,0.66255993,1,"STNWG",2,"F","B",3,3845
"24087",17.4,0.81040382,1,"HBACK",3,"F","A",6,2000
"44909",4.1999998,0.97741282,1,"SEDAN",4,"M","A",4,3537
"15090",15.1,0.15058181,1,"MIBUS",4,"F","B",2,5871
"53739",20.799999,0.69541413,1,"SEDAN",2,"M","C",3,14300
"6348",0,0.99931562,2,"STNWG",4,"F","B",2,13943
"39716",27,0.67624909,1,"STNWG",2,"F","B",3,63358
"63325",36.199997,0.9281314,1,"STNWG",3,"M","C",4,10280
"33497",31,0.71457899,1,"STNWG",2,"F","C",3,29001
"20879",12.6,0.99931562,1,"HBACK",2,"F","A",4,3817
"45530",12.6,0.62149209,1,"HBACK",2,"F","A",2,3691
"2797",19.9,0.39698839,1,"STNWG",4,"M","A",3,3595
"21966",22.799999,0.84325802,2,"STNWG",2,"M","A",3,4274
"4876",9.8000002,0.71457899,1,"HBACK",3,"M","C",1,2000
"28202",22,0.47364819,1,"STNWG",3,"M","F",3,4604
"54674",11.2,0.49281311,1,"SEDAN",3,"F","A",3,3537
"14086",19.6,0.60232723,1,"STNWG",2,"M","C",6,3386
"48041",18.4,0.99931562,1,"COUPE",3,"M","B",4,8536
"36343",29.9,0.9281314,1,"STNWG",2,"M","A",2,3450
"11020",4.4000001,0.64339489,1,"TRUCK",4,"F","C",3,62454
"48745",10,0.29295,1,"STNWG",4,"F","C",1,9429
"55975",19.400002,0.90349078,1,"STNWG",4,"F","D",1,9157
"29301",17.799999,0.13415471,1,"SEDAN",2,"M","C",5,2000
"19365",31,0.8131417,1,"STNWG",3,"M","E",2,3899
"47418",8.3000002,0.97741282,1,"SEDAN",4,"F","B",3,2000
"59749",7.4000001,0.2600958,1,"HBACK",4,"F","B",4,31126
"47692",19.799999,0.58316219,1,"SEDAN",2,"M","D",5,12826
"45759",20.200001,0.64887059,1,"SEDAN",1,"F","A",6,22267
"47609",36.199997,0.9609856,1,"UTE",1,"M","D",5,3287
"27400",16.4,0.9390828,1,"SEDAN",2,"F","C",2,7800
"45139",10.5,0.99931562,2,"SEDAN",4,"F","A",4,13334
"19445",37.5,0.77207392,1,"HDTOP",2,"M","F",1,5000
"15943",13.5,0.084873401,1,"HBACK",1,"F","C",2,10472
"32077",16.200001,0.78028738,1,"HDTOP",3,"F","C",2,2000
"5087",25.200001,0.82683092,1,"TRUCK",3,"M","B",2,3450
"66103",14.8,0.1204654,1,"SEDAN",2,"F","E",5,9706
"26888",7.5,0.58042443,1,"STNWG",4,"M","C",2,18291
"65284",14.299999,0.25735801,1,"SEDAN",2,"M","D",6,6959
"50758",30.200001,0.67351133,1,"STNWG",3,"M","A",2,3537
"40580",22.299999,0.99110198,2,"TRUCK",1,"M","F",3,19754
"60167",9.8000002,0.56947303,1,"SEDAN",3,"F","B",4,7465
"33327",13.7,0.56947303,1,"HBACK",2,"F","B",2,3899
"26913",15.700001,0.77207392,2,"HBACK",2,"F","C",3,8010
"32939",38.699997,0.1697467,1,"STNWG",2,"M","A",4,11100
"24122",14,0.74743319,1,"SEDAN",3,"F","E",6,14792
"457",19.799999,0.9117043,1,"STNWG",4,"M","C",6,26593
"27590",24.400002,0.21081451,1,"TRUCK",2,"M","F",1,7559
"59872",3.8999999,0.95277208,1,"HBACK",4,"F","B",5,32139
"16812",14.2,0.9117043,1,"HBACK",3,"F","B",2,3537
"65776",24.200001,0.62970573,1,"SEDAN",1,"F","C",4,9427
"4212",26.6,0.86516082,1,"STNWG",3,"M","A",5,8873
"34565",12.6,0.99657768,1,"HBACK",2,"M","C",1,4438
"53919",25.599998,0.049281299,1,"HBACK",2,"M","C",2,2000
"6163",34.900002,0.68720049,1,"STNWG",2,"F","C",4,14043
"16535",8.1999998,0.15605751,1,"SEDAN",4,"F","E",5,29570
"20536",10.900001,0.56673509,1,"SEDAN",3,"F","E",2,43800
"62600",21.900002,0.36687201,1,"TRUCK",4,"M","C",2,214562
"3593",9.1999998,0.47638601,1,"HBACK",4,"M","C",3,14491
"31409",3.8,0.1368925,1,"HBACK",4,"M","B",4,2000
"61063",11.900001,0.2190281,1,"STNWG",4,"M","B",3,5345
"45756",95,0.9445585,1,"SEDAN",3,"F","A",3,36136
"27904",13.6,0.71184123,1,"HBACK",2,"F","B",1,56214
"39911",15.1,0.3148528,1,"SEDAN",2,"F","B",1,12996
"6200",42.700001,0.8843258,1,"STNWG",2,"F","B",4,9170
"57429",14.5,0.89253938,1,"TRUCK",4,"M","E",4,3899
"8169",18.099998,0.89801508,1,"SEDAN",2,"F","A",2,7369
"22118",8.5,0.39698839,1,"SEDAN",3,"F","C",4,5661
"33877",45.599998,0.52292949,1,"STNWG",1,"F","A",3,4092
"65692",21.5,0.807666,1,"HBACK",3,"F","C",3,2000
"38605",10.8,0.73374403,1,"STNWG",4,"M","F",3,3899
"6307",6.5,0.18891171,1,"COUPE",4,"F","C",3,47812
"9109",22.6,0.79945242,1,"HBACK",1,"M","A",4,5269
"28558",26.224998,0.59958929,1,"SEDAN",1,"F","C",3,2000
"35779",5.1999998,0.70636553,2,"SEDAN",4,"M","C",5,16040
"4697",16,0.59685153,1,"SEDAN",2,"F","D",3,36902
"59702",7.9000001,0.94729638,2,"HBACK",4,"F","A",2,37311
"4545",12.200001,0.99931562,1,"HBACK",3,"F","C",4,4720
"55463",23.5,0.9664613,1,"SEDAN",2,"F","B",4,2000
"67352",11.799999,0.8569473,1,"SEDAN",3,"M","C",3,5867
"60953",15.900001,0.62970573,1,"COUPE",4,"M","F",4,3899
"23772",15.8,0.8240931,1,"STNWG",3,"F","C",1,6806
"5472",35.599998,0.87611222,1,"UTE",1,"F","A",4,86246
"11516",27.9,0.9336071,1,"TRUCK",3,"M","D",2,19980
"51590",3.8999999,0.68446273,1,"SEDAN",4,"M","B",4,3691
"55019",7.0999999,0.67624909,1,"SEDAN",4,"F","D",3,18975
"51552",56,0.68446273,1,"SEDAN",2,"F","B",4,11016
"47005",13.3,0.29021221,1,"HBACK",2,"M","B",3,62054
"26614",13.8,0.36687201,1,"SEDAN",3,"M","A",2,4417
"56054",19.5,0.32854211,1,"SEDAN",2,"F","E",2,3537
"51892",8.6000004,0.98015058,1,"SEDAN",4,"F","A",4,2000
"12171",19.799999,0.58042443,1,"HBACK",2,"F","C",6,91632
"865",10.4,0.71731693,1,"HBACK",2,"F","C",4,2000
"4698",20.1,0.59685153,1,"HBACK",1,"M","C",3,9083
"56007",24.799999,0.67077339,1,"STNWG",2,"F","A",3,22308
"51927",10.8,0.9336071,1,"SEDAN",3,"M","A",2,3537
"8245",23.5,0.89801508,1,"UTE",2,"M","A",1,2000
"61532",19.199999,0.56125939,1,"SEDAN",1,"M","A",1,62454
"41431",13.099999,0.54483229,1,"SEDAN",2,"F","C",1,37506
"960",8.8999996,0.75290889,1,"HBACK",3,"F","B",4,9313
"38376",28.5,0.65982199,1,"SEDAN",1,"M","C",3,2384
"23495",7.0999999,0.2874743,1,"HBACK",4,"M","C",2,127859
"34350",12.4,0.35592061,1,"UTE",4,"M","B",2,119279
"63656",3.7,0.64339489,1,"HBACK",4,"F","C",5,46718
"38452",12,0.29021221,1,"HBACK",1,"F","B",4,2000
"27419",40.799999,0.36687201,1,"SEDAN",2,"M","C",4,2000
"60586",20.799999,0.9390828,1,"SEDAN",2,"F","C",5,2000
"50368",32.299999,0.9445585,1,"PANVN",2,"M","C",1,26394
"11152",5.6999998,0.77754962,1,"SEDAN",4,"M","A",2,2603
"7890",10.1,0.1368925,2,"SEDAN",4,"F","C",3,6620
"67471",9.1999998,0.64887059,2,"HBACK",3,"M","B",5,103339
"43217",12,0.98836422,1,"SEDAN",3,"M","C",3,4527
"14091",8.3999996,0.60232723,1,"HBACK",3,"F","C",3,2000
"1530",11.1,0.9007529,1,"HBACK",3,"F","D",4,5078
"26970",4.7999997,0.72279263,1,"HBACK",4,"M","C",1,3537
"67674",28.299999,0.90896648,3,"PANVN",2,"M","B",2,11732
"47094",47.900002,0.41889119,1,"STNWG",2,"M","B",4,6577
"11359",8.6999998,0.25188231,1,"HBACK",3,"F","C",2,34308
"10894",21.800001,0.8733744,2,"UTE",3,"M","D",3,7639
"14562",17.6,0.48186171,1,"SEDAN",2,"M","C",2,6990
"54100",16.835001,0.1478439,1,"HBACK",1,"F","C",2,4731
"35177",13.5,0.0301164,1,"TRUCK",3,"M","C",2,6916
"43131",15.2,0.97467488,1,"STNWG",4,"M","C",6,3831
"24119",25.699999,0.81040382,1,"SEDAN",2,"M","C",4,14245
"53753",19.1,0.94729638,1,"HBACK",3,"M","A",4,4050
"19602",32.099998,0.75838459,1,"STNWG",1,"M","A",5,18188
"49710",14.099999,0.99110198,1,"SEDAN",3,"M","C",5,5655
"60300",12.4,0.34770709,1,"HBACK",3,"M","C",4,3677
"48536",12.6,0.61601639,2,"SEDAN",3,"F","D",3,49878
"37310",9.5,0.69541413,1,"HBACK",3,"F","C",4,2000
"45171",11.599999,0.54757023,1,"STNWG",4,"F","C",4,39780
"28210",14.099999,0.34770709,1,"SEDAN",3,"M","C",2,138335
"39952",8.8000002,0.73921973,1,"STNWG",4,"M","C",4,3450
"4134",10.599999,0.2655715,1,"HBACK",4,"F","C",2,3537
"55250",12.1,0.96919918,1,"SEDAN",3,"F","C",3,2000
"31180",10.299999,0.52840519,1,"HBACK",3,"F","A",3,49459
"64063",6,0.9281314,1,"SEDAN",4,"F","C",5,59766
"55535",29.9,0.62696779,1,"UTE",1,"M","F",4,280128
"48417",16.799999,0.99657768,1,"SEDAN",2,"M","B",3,2000
"61842",43.699997,0.55852163,1,"STNWG",1,"M","C",5,5161
"54530",25.799999,0.99931562,1,"HDTOP",1,"F","F",5,9485
"2426",13.9,0.060232699,1,"HBACK",1,"M","A",6,2000
"32247",38.599998,0.69541413,1,"STNWG",2,"M","C",1,30748
"28680",43.899998,0.8843258,1,"STNWG",2,"M","A",2,3119
"586",5.0999999,0.9117043,1,"HBACK",4,"F","B",6,24946
"6727",27.1,0.50102669,1,"STNWG",2,"M","D",3,22623
"65998",7.2000003,0.16153321,1,"HBACK",4,"F","B",6,2000
"42360",36.600002,0.75017112,1,"STNWG",2,"F","E",5,3899
"9368",23.5,0.58042443,1,"STNWG",3,"M","D",6,9197
"66561",9.8999996,0.9390828,1,"SEDAN",3,"F","A",2,6694
"10394",33,0.50650239,1,"STNWG",2,"F","B",3,21447
"7054",47.800003,0.98836422,1,"STNWG",1,"M","A",3,5659
"53839",39.100002,0.68446273,1,"STNWG",2,"M","E",3,38170
"54752",13,0.99657768,1,"HBACK",2,"F","A",3,2000
"33175",47,0.27378511,1,"STNWG",1,"F","A",2,2000
"5283",6,0.89801508,1,"SEDAN",4,"M","A",4,16273
"40586",10,0.032854199,1,"SEDAN",3,"F","A",6,34318
"48373",3.8,0.80492812,1,"SEDAN",4,"F","C",4,2000
"64875",15.299999,0.23271731,1,"HBACK",1,"F","E",3,27224
"53199",15,0.75017112,1,"HBACK",3,"F","A",4,87517
"54855",17.799999,0.59411359,1,"STNWG",3,"F","C",2,5616
"46797",35.5,0.71184123,1,"STNWG",2,"F","A",2,3537
"62488",27.9,0.99931562,1,"TRUCK",3,"M","E",3,3537
"351",22.9,0.35318279,1,"STNWG",4,"F","F",4,5000
"57384",29.5,0.41615331,1,"SEDAN",1,"M","B",2,46223
"12250",12.6,0.99931562,1,"HBACK",2,"F","C",6,14260
"55137",8.3000002,0.99383992,1,"SEDAN",4,"M","D",4,2000
"34265",12,0.77207392,2,"SEDAN",3,"F","C",2,19846
"31298",13.9,0.52840519,1,"SEDAN",2,"F","A",3,33406
"21307",9.7000008,0.53388089,1,"SEDAN",3,"F","E",6,28892
"24583",17.700001,0.9390828,1,"STNWG",2,"M","C",5,6966
"66626",39.900002,0.91991788,1,"STNWG",1,"M","B",3,7079
"66954",8.3999996,0.38329911,1,"HBACK",4,"F","A",3,3537
"31316",15.2,0.70088983,1,"STNWG",4,"M","E",1,49285
"7184",12.7,0.77481169,1,"TRUCK",4,"F","E",2,4089
"2341",6.8000002,0.60780293,1,"HBACK",4,"F","C",5,2000
"58080",23.299999,0.66529769,1,"SEDAN",1,"F","A",4,2000
"37802",11.799999,0.8350445,1,"HBACK",2,"F","B",1,35326
"52004",30.9,0.31211501,1,"SEDAN",1,"F","A",5,22261
"1598",33,0.7967146,1,"UTE",2,"M","E",1,18640
"49210",21.199999,0.1177276,1,"HBACK",2,"M","B",4,2604
"18825",20,0.8240931,1,"HBACK",1,"M","C",4,56640
"62574",11.5,0.61327863,1,"HBACK",3,"M","A",5,74242
"48076",15.8,0.99931562,1,"HBACK",3,"F","B",4,2000
"33131",42.800003,0.51471603,1,"STNWG",2,"M","F",2,24257
"44091",12.799999,0.62696779,1,"HBACK",2,"F","A",4,3448
"39094",16.299999,0.2409309,1,"SEDAN",2,"F","E",3,3899
"64910",27.9,0.54209453,1,"STNWG",1,"F","A",5,3035
"56541",3.0999999,0.79945242,1,"SEDAN",4,"M","B",6,3537
"7884",8.8999996,0.98015058,1,"HBACK",3,"F","B",3,2000
"53301",12.799999,0.3039014,1,"HBACK",4,"F","B",1,133683
"29010",41.900002,0.59685153,1,"STNWG",2,"M","A",4,3537
"29925",12.7,0.34496921,1,"STNWG",4,"M","B",4,18849
"50563",18,0.39425051,1,"SEDAN",2,"F","C",3,3537
"66678",21.989998,0.068446301,1,"SEDAN",1,"F","C",1,94256
"57468",24.1,0.9609856,1,"STNWG",3,"M","F",3,3899
"32506",3.8999999,0.3258042,1,"HBACK",4,"F","A",1,4826
"1507",47.299999,0.52566743,2,"STNWG",1,"M","E",2,16426
"9246",32,0.41889119,1,"SEDAN",2,"M","B",4,13841
"42785",47.099998,0.47364819,1,"STNWG",1,"M","C",3,33379
"38455",23.4,0.40520191,1,"PANVN",2,"F","C",4,6252
"33742",20.200001,0.29021221,1,"STNWG",3,"M","B",5,21881
"65644",35.400002,0.8131417,1,"STNWG",2,"F","D",5,3899
"48471",19,0.1806982,1,"SEDAN",2,"M","A",3,84354
"37990",11.799999,0.83230662,1,"HBACK",2,"F","B",1,5454
"45791",11.4,0.42162901,1,"HBACK",2,"F","D",2,4114
"13108",16.1,0.36139631,1,"HBACK",2,"F","C",5,2000
"66655",21.700001,0.34496921,1,"HDTOP",3,"F","F",3,32586
"25182",17.9,0.41615331,1,"STNWG",4,"F","C",1,3450
"58552",18.200001,0.63244349,1,"HBACK",2,"M","A",2,2000
"54989",18.799999,0.67624909,1,"SEDAN",2,"F","E",2,26107
"61376",18.700001,0.8843258,1,"STNWG",4,"M","E",3,70415
"53758",17.6,0.9226557,1,"SEDAN",2,"F","B",3,12305
"47572",17.9,0.63791919,1,"STNWG",4,"F","A",2,2883
"50519",47.099998,0.9445585,1,"STNWG",1,"M","D",5,3537
"49012",17.1,0.9500342,1,"TRUCK",1,"F","F",3,43300
"66355",22.9,0.64339489,1,"HDTOP",3,"M","E",4,10814
"5293",37.400002,0.49281311,1,"STNWG",2,"M","B",4,5536
"43729",21.989998,0.74195749,1,"SEDAN",1,"F","B",3,3163
"9728",12.6,0.1423682,1,"HBACK",2,"F","C",2,17282
"16914",34,0.55030799,1,"UTE",1,"M","C",2,3450
"30355",14.9,0.49555099,1,"HBACK",1,"F","E",5,3899
"31994",12.799999,0.52019173,1,"HBACK",2,"F","C",4,5913
"47153",18.9,0.98288852,1,"HBACK",2,"F","A",1,61549
"48179",11.599999,0.35318279,1,"SEDAN",3,"F","A",3,2000
"62564",14.099999,0.62696779,1,"HDTOP",3,"F","A",3,26657
"34095",5.4000001,0.77481169,2,"HBACK",4,"F","A",4,9397
"31924",16.5,0.087611198,1,"SEDAN",2,"F","B",1,3677
"26767",12.6,0.8459959,1,"SEDAN",3,"F","E",4,18754
"7382",28.4,0.52292949,1,"STNWG",3,"M","C",3,4272
"17230",25.5,0.42710471,1,"STNWG",3,"F","A",4,5545
"4327",47.099998,0.99931562,1,"STNWG",1,"F","D",6,2000
"28119",12.6,0.8021903,1,"SEDAN",3,"M","B",3,32063
"22006",13,0.90896648,1,"HDTOP",4,"F","A",2,8888
"5850",5.8999996,0.89253938,2,"SEDAN",4,"M","A",2,58205
"17636",7.3000002,0.83778232,1,"SEDAN",4,"F","C",5,3125
"37021",21.800001,0.93634498,1,"HBACK",3,"F","B",3,3944
"984",12.6,0.69541413,1,"STNWG",3,"F","B",2,4983
"54873",19.1,0.90896648,1,"UTE",3,"M","B",1,14104
"27838",4.6999998,0.3093771,1,"SEDAN",4,"M","B",4,10641
"24867",11.7,0.73921973,1,"HBACK",2,"F","D",4,3900
"29183",22.4,0.53388089,1,"SEDAN",2,"M","F",1,34346
"32351",19.5,0.72826833,1,"STNWG",3,"M","C",6,44095
"37003",10.5,0.67898703,1,"SEDAN",4,"M","B",2,22366
"1973",10.1,0.50924033,2,"HBACK",2,"F","D",2,217696
"53834",21.300001,0.68446273,1,"MIBUS",4,"M","B",1,16008
"36175",14,0.9281314,1,"STNWG",3,"M","A",1,40632
"46415",18.6,0.39972621,1,"SEDAN",1,"F","C",1,6873
"47798",21.199999,0.98015058,1,"SEDAN",2,"F","A",4,7428
"53306",15.1,0.98836422,1,"SEDAN",3,"F","B",2,12710
"67297",19.9,0.64613283,2,"HBACK",2,"F","B",6,11943
"20693",3.4000001,0.8240931,1,"PANVN",4,"F","C",3,31225
"35822",15,0.37234771,1,"HBACK",1,"F","C",4,2000
"34860",10.5,0.16700891,1,"SEDAN",4,"M","D",4,3537
"54166",29.799999,0.58316219,1,"STNWG",3,"F","C",2,2000
"51088",12.3,0.69541413,1,"SEDAN",3,"F","A",5,14230
"12106",9.5999994,0.1067762,1,"SEDAN",3,"M","A",3,2000
"31849",30,0.47364819,1,"STNWG",3,"M","A",2,20619
"50734",9.1999998,0.72826833,1,"HBACK",3,"F","C",4,3000
"40468",8.1999998,0.74195749,1,"HBACK",4,"F","C",6,8290
"28418",14.8,0.41067761,1,"SEDAN",2,"F","D",1,14163
"61323",5.6999998,0.94182068,1,"PANVN",4,"M","B",1,2000
"66881",13,0.99931562,2,"PANVN",4,"M","A",5,6808
"13797",13.3,0.60506499,1,"SEDAN",3,"F","C",5,7971
"63480",11.799999,0.41889119,1,"STNWG",4,"M","A",1,120822
"45188",10.700001,0.0027379,1,"SEDAN",3,"F","D",4,143432
"60876",19.6,0.087611198,1,"STNWG",3,"F","F",3,5877
"27281",19.799999,0.76933599,1,"STNWG",2,"F","D",2,2000
"42864",8.6999998,0.72826833,1,"HBACK",3,"F","A",5,2000
"47575",3.0999999,0.2299795,1,"HBACK",4,"F","B",3,22550
"10007",23.4,0.8295688,1,"SEDAN",2,"F","B",2,2000
"12452",14.700001,0.36960989,1,"HBACK",2,"F","B",4,4305
"16327",17.6,0.46269679,1,"HBACK",2,"F","A",3,3297
"17156",6.9000001,0.17796031,1,"SEDAN",4,"F","D",3,20223
"28914",39.299999,0.202601,1,"STNWG",3,"M","B",5,10447
"59986",66.5,0.94182068,1,"RDSTR",1,"M","B",5,2000
"64460",17.700001,0.63518143,1,"PANVN",3,"M","B",4,2578
"44451",19.6,0.79945242,1,"STNWG",3,"F","D",4,2000
"30394",12.4,0.50376463,1,"HDTOP",4,"F","E",2,3899
"28531",11.7,0.75290889,1,"HBACK",2,"M","A",3,18073
"63169",15,0.54757023,1,"SEDAN",3,"F","C",4,6830
"39378",11.7,0.8240931,1,"SEDAN",3,"M","C",4,2000
"37869",14.700001,0.53935659,1,"UTE",4,"M","B",1,3538
"2831",11.7,0.50650239,1,"SEDAN",3,"F","A",5,2000
"26063",19.299999,0.20533881,2,"SEDAN",1,"M","A",3,4000
"61599",7.9000001,0.25462011,1,"HBACK",3,"M","A",3,3691
"54051",12.799999,0.90896648,1,"TRUCK",3,"M","C",1,44188
"19964",10.4,0.83230662,1,"HBACK",2,"F","B",2,13336
"54647",17.6,0.39425051,1,"UTE",3,"M","D",3,102912
"39259",4,0.66529769,1,"SEDAN",4,"M","B",3,2000
"30865",45.599998,0.3422313,1,"STNWG",1,"F","C",2,2000
"50819",15.4,0.67351133,1,"PANVN",3,"M","C",1,2000
"44448",23.800001,0.62423003,1,"SEDAN",1,"F","A",3,64422
"66117",11.3,0.22724161,1,"SEDAN",3,"F","B",6,4155
"66748",45.599998,0.53114313,1,"STNWG",1,"F","A",3,4818
"59612",4.3000002,0.46543461,2,"SEDAN",4,"M","A",6,27157
"58581",34.599998,0.91991788,1,"UTE",1,"F","A",3,2000
"10701",8.6000004,0.84873372,1,"SEDAN",4,"F","C",2,34984
"36432",13.5,0.41615331,1,"HBACK",1,"M","C",1,10745
"36126",28.099998,0.53661883,1,"STNWG",3,"M","C",3,7704
"40455",14.9,0.50102669,1,"SEDAN",3,"F","B",4,10083
"31005",14.6,0.87063652,1,"HBACK",2,"M","B",4,47950
"24581",4,0.065708399,1,"SEDAN",4,"F","B",6,3677
"65090",25.5,0.99931562,1,"STNWG",3,"M","F",2,3899
"16596",37.099998,0.45995891,1,"HDTOP",2,"M","C",1,3450
"64714",6.1999998,0.12867901,2,"SEDAN",4,"F","C",3,21353
"2498",7.9000001,0.8898015,1,"HBACK",4,"M","B",2,10847
"10846",14.099999,0.97467488,1,"HBACK",2,"F","A",6,6056
"3736",22.299999,0.1423682,1,"SEDAN",1,"F","B",4,11768
"2957",12.9,0.057494901,1,"HDTOP",4,"F","C",1,3537
"50359",15.49,0.9445585,1,"HBACK",1,"F","B",2,13113
"25932",16.4,0.41615331,1,"HBACK",3,"F","A",4,2000
"7937",12.799999,0.38056129,1,"HBACK",2,"F","A",4,4539
"15363",6.9000001,0.032854199,1,"SEDAN",4,"M","A",4,43264
"58601",10.900001,0.9609856,1,"SEDAN",3,"F","D",3,3796
"62291",29,0.87611222,1,"SEDAN",1,"M","E",2,4500
"40329",19.9,0.74469543,1,"SEDAN",2,"M","C",6,5695
"55492",7.2000003,0.202601,1,"HBACK",4,"M","D",4,74700
"52989",16.1,0.3093771,1,"UTE",3,"M","C",4,10080
"35790",15.900001,0.59411359,1,"HBACK",2,"F","C",3,48991
"18890",34.200001,0.68172479,1,"TRUCK",2,"F","E",2,4089
"34203",16,0.65982199,1,"SEDAN",1,"F","E",4,138132
"43287",22.5,0.9555099,1,"TRUCK",2,"M","D",2,3537
"67816",13.6,0.83230662,1,"SEDAN",3,"F","B",4,14151
"47001",6.6000004,0.076659799,1,"HBACK",4,"F","C",4,61631
"25354",20.200001,0.94182068,2,"SEDAN",2,"M","E",4,18049
"44746",52.360001,0.98015058,1,"STNWG",1,"F","D",4,3691
"23503",17.799999,0.807666,1,"SEDAN",2,"F","A",2,15226
"15684",12.4,0.22724161,1,"SEDAN",3,"M","D",3,27430
"14477",9.1000004,0.55852163,1,"HBACK",3,"M","A",4,37924
"23243",40.799999,0.36413419,1,"STNWG",2,"F","F",2,6609
"4370",4,0.8295688,1,"STNWG",4,"M","B",3,3845
"56147",7.0999999,0.71184123,1,"HBACK",4,"F","A",4,63541
"25618",31.989998,0.36960989,1,"STNWG",1,"M","A",4,8135
"33082",17.299999,0.93634498,1,"HBACK",1,"M","C",6,312436
"63835",34.599998,0.35865849,1,"STNWG",2,"M","B",5,5600
"47762",37.700001,0.9609856,2,"STNWG",2,"F","F",6,33212
"39070",6.5,0.2874743,1,"UTE",4,"M","C",1,18292
"62583",7,0.62696779,1,"SEDAN",4,"F","A",3,13843
"583",16.5,0.087611198,1,"STNWG",4,"M","C",5,3537
"65075",33.099998,0.75017112,1,"STNWG",3,"M","E",2,5507
"57425",17.299999,0.28473651,1,"SEDAN",1,"F","B",4,8263
"48252",22.700001,0.83778232,1,"UTE",2,"M","A",2,13726
"42792",32.599998,0.74469543,1,"STNWG",2,"M","E",4,3899
"39414",34.599998,0.88158798,1,"UTE",1,"M","A",4,4881
"12593",10.5,0.78028738,1,"SEDAN",3,"M","B",4,6333
"51328",29.9,0.98288852,1,"STNWG",3,"F","A",5,16728
"34760",14.8,0.71457899,1,"SEDAN",2,"M","C",4,3537
"8566",7.7999997,0.42984259,1,"STNWG",4,"M","C",5,3778
"22478",33.800003,0.99931562,1,"UTE",1,"F","F",2,3899
"56800",11.7,0.59685153,1,"TRUCK",3,"M","C",4,69443
"30084",11.5,0.12867901,1,"SEDAN",3,"F","C",5,2000
"1688",9.1999998,0.8459959,1,"HBACK",3,"F","A",3,2000
"38142",4.4000001,0.73100609,2,"SEDAN",4,"F","B",6,21333
"6346",18.6,0.81587952,1,"HBACK",3,"M","B",4,27770
"63663",35.899998,0.2710472,3,"SEDAN",4,"F","F",3,52388
"20643",31.5,0.41067761,1,"MCARA",3,"M","A",3,3691
"47055",7.5999999,0.29295,1,"SEDAN",4,"F","A",5,2000
"50514",5,0.94729638,1,"HBACK",4,"F","A",5,29308
"9887",8.3000002,0.57768649,1,"SEDAN",4,"F","B",4,32224
"16738",7.7999997,0.9336071,1,"STNWG",4,"F","B",3,7259
"63097",11.900001,0.26830941,1,"SEDAN",3,"F","C",6,12605
"23184",18.799999,0.52292949,1,"SEDAN",3,"F","A",1,2000
"12131",5.4000001,0.24914441,1,"HBACK",4,"F","A",4,10287
"7429",13.7,0.86516082,1,"HBACK",3,"F","A",2,2000
"27027",22.299999,0.3148528,1,"SEDAN",2,"F","B",3,3502
"61276",25.1,0.94182068,1,"STNWG",1,"F","C",2,2000
"13837",4.4000001,0.56125939,1,"SEDAN",4,"F","A",5,2000
"15143",15.8,0.85420942,1,"HBACK",3,"F","C",5,2000
"35053",22.4,0.49281311,1,"UTE",3,"F","D",4,3492
"14066",17.1,0.0301164,1,"HBACK",2,"F","E",6,141986
"52138",11.2,0.21629021,1,"HBACK",2,"M","A",5,2000
"26840",24.300001,0.79945242,1,"SEDAN",1,"F","D",6,24930
"6697",14.099999,0.1177276,1,"HBACK",2,"M","D",3,16846
"25385",14.2,0.56673509,2,"HBACK",3,"F","A",5,12003
"22265",20.200001,0.8021903,2,"SEDAN",2,"F","A",5,59971
"51827",24.200001,0.33401781,1,"MCARA",3,"M","D",3,4400
"51416",8.6000004,0.98562628,1,"HBACK",3,"F","C",2,4411
"61733",19.5,0.9390828,1,"HBACK",1,"F","B",4,130569
"24190",13.9,0.18891171,1,"HBACK",1,"F","C",6,8567
"55646",19.6,0.67351133,1,"HBACK",1,"F","D",6,9284
"46023",4.5999999,0.34770709,1,"HBACK",4,"F","B",2,2000
"54693",5.6999998,0.29021221,1,"STNWG",4,"F","A",4,2000
"65842",16.200001,0.63244349,1,"STNWG",4,"M","C",3,30651
"17299",21.700001,0.8295688,1,"SEDAN",2,"F","C",3,6841
"35548",17.5,0.046543501,1,"SEDAN",1,"F","C",1,3592
"59293",9.1999998,0.65982199,1,"SEDAN",3,"F","A",4,2000
"11284",24.1,0.862423,1,"SEDAN",1,"M","B",6,7998
"52638",24.700001,0.36960989,1,"UTE",3,"M","A",1,3200
"52739",45.300003,0.8898015,1,"TRUCK",1,"M","C",2,2000
"36023",11.799999,0.99383992,1,"SEDAN",3,"F","B",3,2000
"53257",26,0.75017112,1,"MIBUS",3,"M","F",3,38666
"59752",56.399998,0.57768649,2,"STNWG",2,"F","A",3,16579
"24668",13.6,0.807666,1,"HBACK",2,"M","A",6,42419
"34958",3.0999999,0.1478439,1,"HBACK",4,"M","A",1,46528
"46782",8.8999996,0.2354552,1,"HBACK",3,"M","A",3,18739
"42003",7.3000002,0.73921973,1,"SEDAN",4,"M","B",5,14163
"10855",13.7,0.55578369,1,"HBACK",1,"F","C",1,2469
"31208",7.0999999,0.2984257,1,"SEDAN",4,"M","A",4,22757
"65608",13.8,0.54209453,1,"HBACK",2,"F","C",3,2000
"21576",46,0.1916496,1,"STNWG",1,"F","C",2,3604
"34921",25.5,0.78302532,1,"STNWG",3,"M","B",3,86158
"51247",10,0.58590013,1,"SEDAN",4,"M","C",5,55946
"19286",2.3999999,0.9226557,1,"HBACK",4,"F","B",5,2000
"7662",4.5999999,0.57221079,1,"SEDAN",4,"F","C",3,20737
"10508",15.1,0.8843258,1,"MIBUS",4,"F","B",4,2708
"39860",8.8999996,0.60232723,1,"HBACK",3,"F","C",4,162229
"35546",23.299999,0.098562598,1,"MIBUS",3,"F","C",3,6969
"54491",13.49,0.91444218,1,"HBACK",1,"F","A",3,5841
"60016",13.7,0.94182068,1,"SEDAN",3,"M","A",2,8038
"9801",41.100002,0.62149209,1,"STNWG",2,"M","F",2,2283
"51359",16.799999,0.98836422,1,"SEDAN",2,"F","A",5,6031
"49598",17.200001,0.70362759,1,"HBACK",2,"F","A",3,2000
"38357",8.6999998,0.75290889,1,"HBACK",3,"F","B",3,5201
"388",11.3,0.37782341,1,"SEDAN",4,"F","B",1,9375
"57536",28.900002,0.98288852,1,"STNWG",3,"M","E",2,4089
"40563",10.299999,0.45722109,1,"SEDAN",3,"F","C",6,28575
"27193",3.7,0.50650239,1,"SEDAN",4,"F","A",6,12674
"51545",13,0.61327863,1,"HBACK",2,"M","D",2,16250
"37002",18.300001,0.69541413,1,"STNWG",3,"M","E",3,27748
"48428",17.799999,0.89801508,1,"SEDAN",3,"F","C",4,18390
"65504",20.799999,0.32306641,1,"STNWG",1,"M","E",2,2000
"36141",13,0.99931562,1,"HBACK",2,"F","A",2,2000
"6264",17.700001,0.8843258,1,"HDTOP",3,"M","C",6,28088
"20548",15.299999,0.44079399,1,"UTE",2,"M","B",5,3537
"60145",25.9,0.25735801,1,"STNWG",3,"F","B",4,16706
"51206",29.200001,0.1204654,1,"HBACK",2,"F","B",5,5060
"21678",18.5,0.82135522,2,"SEDAN",2,"M","A",4,9519
"11938",7.5999999,0.7857632,1,"HBACK",3,"F","E",4,2000
"52639",7,0.99383992,1,"SEDAN",4,"F","B",4,2000
"39809",25.599998,0.98015058,1,"SEDAN",1,"F","B",5,8401
"14347",4.4000001,0.8952772,1,"HBACK",4,"F","B",3,4672
"23805",7.6999998,0.75290889,1,"HBACK",4,"F","D",2,13354
"63568",3.4000001,0.54757023,1,"HBACK",4,"F","B",1,3691
"31983",13.990001,0.2710472,1,"HBACK",1,"F","A",2,13526
"22499",14.400001,0.48186171,1,"SEDAN",2,"F","B",2,2000
"16891",32,0.58590013,1,"SEDAN",2,"M","A",1,20547
"41632",47.5,0.75017112,1,"STNWG",2,"M","C",5,3537
"32620",8.1999998,0.48459959,1,"SEDAN",3,"F","C",5,2000
"11645",13.5,0.78850102,1,"STNWG",4,"F","C",1,20645
"22453",21.900002,0.70088983,1,"STNWG",4,"F","D",2,20771
"62425",16.799999,0.63518143,1,"UTE",3,"M","E",2,4089
"19211",17.9,0.53935659,1,"SEDAN",3,"F","A",5,12406
"39838",23.099998,0.50650239,1,"SEDAN",1,"F","C",2,6657
"2810",16.699999,0.29568791,1,"HBACK",2,"F","C",3,2000
"22290",9.3000002,0.8952772,1,"HBACK",3,"F","D",4,7059
"7727",25.599998,0.81040382,2,"HDTOP",1,"F","A",1,116532
"52939",18.700001,0.98562628,1,"SEDAN",2,"M","B",5,4292
"19272",39.299999,0.45995891,1,"STNWG",2,"M","C",4,2000
"28843",39.900002,0.79397672,1,"TRUCK",1,"M","B",4,11039
"39095",14.700001,0.65160853,1,"SEDAN",2,"F","A",6,10896
"352",3.8999999,0.92539358,1,"SEDAN",4,"F","C",6,13790
"7036",41.799999,0.8131417,1,"STNWG",2,"F","B",2,5771
"4911",46.399998,0.38329911,1,"STNWG",1,"F","B",2,18276
"17852",6.6000004,0.77754962,1,"SEDAN",4,"F","C",4,4300
"53586",8,0.33401781,3,"HBACK",4,"F","D",4,105984
"30273",39.700001,0.70362759,1,"STNWG",2,"F","C",3,7656
"43583",15.8,0.63518143,1,"UTE",3,"F","B",5,24769
"32346",3.0999999,0.51745379,1,"SEDAN",4,"M","D",5,2000
"65647",10.4,0.25462011,1,"STNWG",3,"F","D",3,4128
"7741",3.0999999,0.046543501,1,"SEDAN",4,"F","A",3,11113
"13931",13.9,0.56399733,1,"COUPE",3,"F","A",3,18569
"38187",13.7,0.93086928,1,"HBACK",1,"M","A",1,41920
"67189",6.8000002,0.39151269,1,"SEDAN",4,"F","C",2,17556
